{"_timestamp":1.747476515242006e+09,"_runtime":471.393012335,"_step":2,"epoch":3,"train_loss":0.4736505272675855,"_wandb":{"runtime":474}}