{"_runtime":156.772884944,"_wandb":{"runtime":159},"_step":0,"epoch":1,"train_loss":1.7777820285726273,"_timestamp":1.747475900071194e+09}