{"_runtime":285.446550698,"_step":2,"epoch":3,"train_loss":0.5170349578902014,"_wandb":{"runtime":287},"_timestamp":1.7475559512126236e+09}