{"_timestamp":1.747555593401291e+09,"_runtime":94.926583276,"_step":0,"_wandb":{"runtime":95},"epoch":1,"train_loss":0.9108601498190365}